,Mean Abs Error,Median Abs Error,Percent of houses within 10 percent,Percent of houses within 20 percent,Percent of houses within 5 percent,R2,RMSE
team2,66372.80382716049,42746.119999999995,50.617283950617285,81.48148148148148,29.629629629629626,0.8728152612364444,101940.27303285262
